"species","leaf","a_slope","b_intercept"
"quag_gj",1,0.0703679491929112,-1.00169133629406
"quag_gj",2,0.0508107441132311,-0.000571885806619044
"quag_gj",3,0.120940395000671,-0.952026893183273
"quag_gj",4,0.0731066790872277,-0.565793596849785
"quag_gj",5,0.086894007297741,-0.174636399281688
